{
  "hash": "232195b5",
  "configHash": "2fa844e7",
  "lockfileHash": "cb1bb99c",
  "browserHash": "c7dbfecf",
  "optimized": {
    "@angular/common": {
      "src": "../../../../../node_modules/@angular/common/fesm2022/common.mjs",
      "file": "@angular_common.js",
      "fileHash": "d161f0a4",
      "needsInterop": false
    },
    "@angular/common/http": {
      "src": "../../../../../node_modules/@angular/common/fesm2022/http.mjs",
      "file": "@angular_common_http.js",
      "fileHash": "e6fdf324",
      "needsInterop": false
    },
    "@angular/core": {
      "src": "../../../../../node_modules/@angular/core/fesm2022/core.mjs",
      "file": "@angular_core.js",
      "fileHash": "d2a97522",
      "needsInterop": false
    },
    "@angular/forms": {
      "src": "../../../../../node_modules/@angular/forms/fesm2022/forms.mjs",
      "file": "@angular_forms.js",
      "fileHash": "c5ffb1f1",
      "needsInterop": false
    },
    "@angular/material/button": {
      "src": "../../../../../node_modules/@angular/material/fesm2022/button.mjs",
      "file": "@angular_material_button.js",
      "fileHash": "9760e4ac",
      "needsInterop": false
    },
    "@angular/material/card": {
      "src": "../../../../../node_modules/@angular/material/fesm2022/card.mjs",
      "file": "@angular_material_card.js",
      "fileHash": "e3176069",
      "needsInterop": false
    },
    "@angular/material/core": {
      "src": "../../../../../node_modules/@angular/material/fesm2022/core.mjs",
      "file": "@angular_material_core.js",
      "fileHash": "6f7e7e0f",
      "needsInterop": false
    },
    "@angular/material/dialog": {
      "src": "../../../../../node_modules/@angular/material/fesm2022/dialog.mjs",
      "file": "@angular_material_dialog.js",
      "fileHash": "a1169eae",
      "needsInterop": false
    },
    "@angular/material/divider": {
      "src": "../../../../../node_modules/@angular/material/fesm2022/divider.mjs",
      "file": "@angular_material_divider.js",
      "fileHash": "cddfce67",
      "needsInterop": false
    },
    "@angular/material/expansion": {
      "src": "../../../../../node_modules/@angular/material/fesm2022/expansion.mjs",
      "file": "@angular_material_expansion.js",
      "fileHash": "2ebadfc7",
      "needsInterop": false
    },
    "@angular/material/form-field": {
      "src": "../../../../../node_modules/@angular/material/fesm2022/form-field.mjs",
      "file": "@angular_material_form-field.js",
      "fileHash": "80c79cfb",
      "needsInterop": false
    },
    "@angular/material/icon": {
      "src": "../../../../../node_modules/@angular/material/fesm2022/icon.mjs",
      "file": "@angular_material_icon.js",
      "fileHash": "d3ac6adb",
      "needsInterop": false
    },
    "@angular/material/input": {
      "src": "../../../../../node_modules/@angular/material/fesm2022/input.mjs",
      "file": "@angular_material_input.js",
      "fileHash": "ad84b303",
      "needsInterop": false
    },
    "@angular/material/list": {
      "src": "../../../../../node_modules/@angular/material/fesm2022/list.mjs",
      "file": "@angular_material_list.js",
      "fileHash": "26ea4342",
      "needsInterop": false
    },
    "@angular/material/menu": {
      "src": "../../../../../node_modules/@angular/material/fesm2022/menu.mjs",
      "file": "@angular_material_menu.js",
      "fileHash": "7c31dd37",
      "needsInterop": false
    },
    "@angular/material/paginator": {
      "src": "../../../../../node_modules/@angular/material/fesm2022/paginator.mjs",
      "file": "@angular_material_paginator.js",
      "fileHash": "a5966a52",
      "needsInterop": false
    },
    "@angular/material/select": {
      "src": "../../../../../node_modules/@angular/material/fesm2022/select.mjs",
      "file": "@angular_material_select.js",
      "fileHash": "8e9ef9ba",
      "needsInterop": false
    },
    "@angular/material/sidenav": {
      "src": "../../../../../node_modules/@angular/material/fesm2022/sidenav.mjs",
      "file": "@angular_material_sidenav.js",
      "fileHash": "36c4328a",
      "needsInterop": false
    },
    "@angular/material/table": {
      "src": "../../../../../node_modules/@angular/material/fesm2022/table.mjs",
      "file": "@angular_material_table.js",
      "fileHash": "57dd98b3",
      "needsInterop": false
    },
    "@angular/material/toolbar": {
      "src": "../../../../../node_modules/@angular/material/fesm2022/toolbar.mjs",
      "file": "@angular_material_toolbar.js",
      "fileHash": "42f9f151",
      "needsInterop": false
    },
    "@angular/platform-browser": {
      "src": "../../../../../node_modules/@angular/platform-browser/fesm2022/platform-browser.mjs",
      "file": "@angular_platform-browser.js",
      "fileHash": "c14ce194",
      "needsInterop": false
    },
    "@angular/platform-browser/animations/async": {
      "src": "../../../../../node_modules/@angular/platform-browser/fesm2022/animations/async.mjs",
      "file": "@angular_platform-browser_animations_async.js",
      "fileHash": "339e83a1",
      "needsInterop": false
    },
    "@angular/router": {
      "src": "../../../../../node_modules/@angular/router/fesm2022/router.mjs",
      "file": "@angular_router.js",
      "fileHash": "94fbed10",
      "needsInterop": false
    },
    "@auth0/angular-jwt": {
      "src": "../../../../../node_modules/@auth0/angular-jwt/fesm2020/auth0-angular-jwt.mjs",
      "file": "@auth0_angular-jwt.js",
      "fileHash": "3d4082aa",
      "needsInterop": false
    },
    "jspdf": {
      "src": "../../../../../node_modules/jspdf/dist/jspdf.es.min.js",
      "file": "jspdf.js",
      "fileHash": "efa895e7",
      "needsInterop": false
    },
    "jspdf-autotable": {
      "src": "../../../../../node_modules/jspdf-autotable/dist/jspdf.plugin.autotable.js",
      "file": "jspdf-autotable.js",
      "fileHash": "d29a030b",
      "needsInterop": true
    },
    "rxjs": {
      "src": "../../../../../node_modules/rxjs/dist/esm5/index.js",
      "file": "rxjs.js",
      "fileHash": "ca8c3956",
      "needsInterop": false
    }
  },
  "chunks": {
    "html2canvas.esm-3YFDEXUX": {
      "file": "html2canvas__esm-3YFDEXUX.js"
    },
    "purify.es-KRMXKBW6": {
      "file": "purify__es-KRMXKBW6.js"
    },
    "index.es-ORHZ5T4S": {
      "file": "index__es-ORHZ5T4S.js"
    },
    "browser-BQ3IBKVR": {
      "file": "browser-BQ3IBKVR.js"
    },
    "chunk-CICUCQZ6": {
      "file": "chunk-CICUCQZ6.js"
    },
    "chunk-MAN4NYY2": {
      "file": "chunk-MAN4NYY2.js"
    },
    "chunk-OMEMD27X": {
      "file": "chunk-OMEMD27X.js"
    },
    "chunk-6TOHG4HW": {
      "file": "chunk-6TOHG4HW.js"
    },
    "chunk-WYPTAJAG": {
      "file": "chunk-WYPTAJAG.js"
    },
    "chunk-AINWYKAL": {
      "file": "chunk-AINWYKAL.js"
    },
    "chunk-XLG5FYR5": {
      "file": "chunk-XLG5FYR5.js"
    },
    "chunk-F3RJI3IA": {
      "file": "chunk-F3RJI3IA.js"
    },
    "chunk-J3QZDYOW": {
      "file": "chunk-J3QZDYOW.js"
    },
    "chunk-ROMENTET": {
      "file": "chunk-ROMENTET.js"
    },
    "chunk-AOK4PDFU": {
      "file": "chunk-AOK4PDFU.js"
    },
    "chunk-SGXB2MII": {
      "file": "chunk-SGXB2MII.js"
    },
    "chunk-STYFELFB": {
      "file": "chunk-STYFELFB.js"
    },
    "chunk-HD7F3KTM": {
      "file": "chunk-HD7F3KTM.js"
    },
    "chunk-3JB6HOOL": {
      "file": "chunk-3JB6HOOL.js"
    },
    "chunk-IJZ4HBZU": {
      "file": "chunk-IJZ4HBZU.js"
    },
    "chunk-V5HOVMXV": {
      "file": "chunk-V5HOVMXV.js"
    },
    "chunk-4J25ECOH": {
      "file": "chunk-4J25ECOH.js"
    },
    "chunk-IEMOZLTW": {
      "file": "chunk-IEMOZLTW.js"
    }
  }
}